{
  "name": "Create Event in Google Calendar",
  "description": "Calculate the start date and time by adding/subtracting the timezone to UTC.\n\nExample: **2025-01-11T18:00:00.000000+05:30**\n1. Date: January 11, 2025.\n2. Time: 6:00 PM (18:00:00) with no fractional seconds.\n3. Timezone: UTC +5:30, which is Indian Standard Time (IST).",
  "version": 5,
  "private": true,
  "concurrency": 1,
  "code": {
    "number": 0,
    "provider": "workato_genie",
    "name": "start_workflow",
    "as": "fe6c36f6",
    "keyword": "trigger",
    "dynamicPickListSelection": {
      "module_id": "Google Calendar",
      "configuration_user_scoped_connectors": [
        {
          "label": "Google Calendar",
          "value": "platform:google_calendar"
        }
      ],
      "configuration_platform__3a__google_calendar_name": "CON | Google Calendar"
    },
    "input": {
      "parameters_schema_json": "[{\"name\":\"start_date_time\",\"type\":\"date_time\",\"optional\":false,\"label\":\"Start date time\",\"hint\":\"Calculate the start date and time by adding/subtracting the timezone to UTC.  Example: **2025-01-11T18:00:00.000000+05:30** 1. Date: January 11, 2025. 2. Time: 6:00 PM (18:00:00) with no fractional seconds. 3. Timezone: UTC +5:30, which is Indian Standard Time (IST).\",\"control_type\":\"date_time\",\"render_input\":\"date_time_conversion\",\"parse_output\":\"date_time_conversion\"},{\"name\":\"end_date_time\",\"type\":\"date_time\",\"optional\":false,\"label\":\"End date time\",\"hint\":\"Calculate the start date and time by adding/subtracting the timezone to UTC.  Example: **2025-01-11T18:00:00.000000+05:30** 1. Date: January 11, 2025. 2. Time: 6:00 PM (18:00:00) with no fractional seconds. 3. Timezone: UTC +5:30, which is Indian Standard Time (IST).\",\"control_type\":\"date_time\",\"render_input\":\"date_time_conversion\",\"parse_output\":\"date_time_conversion\"},{\"name\":\"event_name\",\"type\":\"string\",\"optional\":true,\"control_type\":\"text\",\"label\":\"Event name\"},{\"name\":\"event_description\",\"type\":\"string\",\"optional\":true,\"control_type\":\"text\",\"label\":\"Event description\"},{\"name\":\"all_day_event\",\"type\":\"boolean\",\"optional\":true,\"label\":\"All day event\",\"toggle_hint\":\"Select from option list\",\"toggle_field\":{\"label\":\"All day event\",\"control_type\":\"text\",\"toggle_hint\":\"Use custom value\",\"name\":\"all_day_event\",\"type\":\"boolean\",\"optional\":false},\"control_type\":\"checkbox\",\"render_input\":{},\"parse_output\":{}},{\"name\":\"display_guest_list\",\"type\":\"boolean\",\"optional\":true,\"label\":\"Display guest list\",\"control_type\":\"checkbox\",\"render_input\":{},\"parse_output\":{},\"toggle_hint\":\"Select from option list\",\"toggle_field\":{\"label\":\"Display guest list\",\"control_type\":\"text\",\"toggle_hint\":\"Use custom value\",\"name\":\"display_guest_list\",\"type\":\"boolean\",\"optional\":true}},{\"name\":\"attendees_emails\",\"type\":\"string\",\"optional\":true,\"control_type\":\"text\",\"label\":\"Attendees emails\",\"hint\":\"Comma Separated Emails of the Users to be added to the Event\"}]",
      "result_schema_json": "[{\"name\":\"id\",\"type\":\"string\",\"optional\":false,\"control_type\":\"text\",\"label\":\"ID\"},{\"name\":\"url\",\"type\":\"string\",\"optional\":false,\"control_type\":\"text\",\"label\":\"URL\"}]",
      "requires_user_confirmation": "false",
      "description": "Run this Skill when user query requires creating a new event in their calendar"
    },
    "extended_output_schema": [
      {
        "label": "Parameters",
        "name": "parameters",
        "properties": [
          {
            "control_type": "date_time",
            "label": "Start date time",
            "render_input": "date_time_conversion",
            "parse_output": "date_time_conversion",
            "name": "start_date_time",
            "type": "date_time",
            "optional": false,
            "hint": "Calculate the start date and time by adding/subtracting the timezone to UTC.  Example: **2025-01-11T18:00:00.000000+05:30** 1. Date: January 11, 2025. 2. Time: 6:00 PM (18:00:00) with no fractional seconds. 3. Timezone: UTC +5:30, which is Indian Standard Time (IST)."
          },
          {
            "control_type": "date_time",
            "label": "End date time",
            "render_input": "date_time_conversion",
            "parse_output": "date_time_conversion",
            "name": "end_date_time",
            "type": "date_time",
            "optional": false,
            "hint": "Calculate the start date and time by adding/subtracting the timezone to UTC.  Example: **2025-01-11T18:00:00.000000+05:30** 1. Date: January 11, 2025. 2. Time: 6:00 PM (18:00:00) with no fractional seconds. 3. Timezone: UTC +5:30, which is Indian Standard Time (IST)."
          },
          {
            "control_type": "text",
            "label": "Event name",
            "name": "event_name",
            "type": "string",
            "optional": true
          },
          {
            "control_type": "text",
            "label": "Event description",
            "name": "event_description",
            "type": "string",
            "optional": true
          },
          {
            "control_type": "checkbox",
            "label": "All day event",
            "render_input": {
            },
            "parse_output": {
            },
            "name": "all_day_event",
            "type": "boolean",
            "optional": true,
            "toggle_hint": "Select from option list",
            "toggle_field": {
              "label": "All day event",
              "control_type": "text",
              "toggle_hint": "Use custom value",
              "name": "all_day_event",
              "type": "boolean",
              "optional": false
            }
          },
          {
            "control_type": "checkbox",
            "label": "Display guest list",
            "render_input": {
            },
            "parse_output": {
            },
            "name": "display_guest_list",
            "type": "boolean",
            "optional": true,
            "toggle_hint": "Select from option list",
            "toggle_field": {
              "label": "Display guest list",
              "control_type": "text",
              "toggle_hint": "Use custom value",
              "name": "display_guest_list",
              "type": "boolean",
              "optional": true
            }
          },
          {
            "control_type": "text",
            "label": "Attendees emails",
            "name": "attendees_emails",
            "type": "string",
            "optional": true,
            "hint": "Comma Separated Emails of the Users to be added to the Event"
          }
        ],
        "type": "object"
      }
    ],
    "block": [
      {
        "number": 1,
        "provider": "google_calendar",
        "name": "create_event",
        "as": "6be94827",
        "keyword": "action",
        "dynamicPickListSelection": {
          "id": "primary"
        },
        "toggleCfg": {
          "guestsCanModify": true,
          "guestsCanSeeOtherGuests": false,
          "sendUpdates": false,
          "status": false,
          "visibility": false,
          "transparency": false,
          "sendNotifications": true
        },
        "input": {
          "id": "primary",
          "start": "#{_dp('{\"pill_type\":\"output\",\"provider\":\"workato_genie\",\"line\":\"fe6c36f6\",\"path\":[\"parameters\",\"start_date_time\"]}')}",
          "summary": "#{_dp('{\"pill_type\":\"output\",\"provider\":\"workato_genie\",\"line\":\"fe6c36f6\",\"path\":[\"parameters\",\"event_name\"]}')}",
          "description": "#{_dp('{\"pill_type\":\"output\",\"provider\":\"workato_genie\",\"line\":\"fe6c36f6\",\"path\":[\"parameters\",\"event_description\"]}')}",
          "guestsCanSeeOtherGuests": "#{_dp('{\"pill_type\":\"output\",\"provider\":\"workato_genie\",\"line\":\"fe6c36f6\",\"path\":[\"parameters\",\"display_guest_list\"]}')}",
          "sendUpdates": "all",
          "status": "confirmed",
          "visibility": "default",
          "transparency": "transparent",
          "attendees": "#{_dp('{\"pill_type\":\"output\",\"provider\":\"workato_genie\",\"line\":\"fe6c36f6\",\"path\":[\"parameters\",\"attendees_emails\"]}')}",
          "sendNotifications": "false",
          "end_time_new": "#{_dp('{\"pill_type\":\"output\",\"provider\":\"workato_genie\",\"line\":\"fe6c36f6\",\"path\":[\"parameters\",\"end_date_time\"]}')}",
          "guestsCanModify": "false"
        },
        "visible_config_fields": [
          "id",
          "start",
          "end",
          "time_zone",
          "summary",
          "description",
          "location",
          "sendNotifications",
          "guestsCanModify",
          "all_day",
          "attendees",
          "sendUpdates",
          "guestsCanSeeOtherGuests",
          "status",
          "visibility",
          "transparency"
        ],
        "comment": "[Replace this with your calendar provider]\nConnect to your Calendar provider and setup how events should be created on calendar",
        "uuid": "fbb5c9fd-b253-4f6a-8d96-bbfb69973462",
        "skip": false
      },
      {
        "number": 2,
        "provider": "workato_genie",
        "name": "workflow_return_result",
        "as": "be33e07c",
        "keyword": "action",
        "dynamicPickListSelection": {
          "function_id": "Create Events in Google Calendar"
        },
        "input": {
          "result": {
            "id": "#{_dp('{\"pill_type\":\"output\",\"provider\":\"google_calendar\",\"line\":\"6be94827\",\"path\":[\"id\"]}')}",
            "url": "#{_dp('{\"pill_type\":\"output\",\"provider\":\"google_calendar\",\"line\":\"6be94827\",\"path\":[\"htmlLink\"]}')}"
          }
        },
        "extended_output_schema": [
          {
            "label": "Result",
            "name": "result",
            "properties": [
              {
                "control_type": "text",
                "label": "ID",
                "name": "id",
                "type": "string",
                "optional": false
              },
              {
                "control_type": "text",
                "label": "URL",
                "name": "url",
                "type": "string",
                "optional": false
              }
            ],
            "type": "object"
          }
        ],
        "extended_input_schema": [
          {
            "label": "Result",
            "name": "result",
            "properties": [
              {
                "control_type": "text",
                "label": "ID",
                "name": "id",
                "type": "string",
                "optional": false
              },
              {
                "control_type": "text",
                "label": "URL",
                "name": "url",
                "type": "string",
                "optional": false
              }
            ],
            "type": "object"
          }
        ],
        "comment": "Define the response to your Genie",
        "uuid": "f9625717-6c33-4280-b053-6c94fad09f2c",
        "skip": false
      }
    ],
    "comment": "Add any additional expected inputs here",
    "uuid": "a6046c57-f5c1-46ab-813f-05ba9f0085c9",
    "unfinished": false
  },
  "config": [
    {
      "keyword": "application",
      "provider": "workato_genie",
      "skip_validation": false,
      "account_id": null
    },
    {
      "keyword": "application",
      "provider": "google_calendar",
      "account_id": {
        "zip_name": "arya_google_calendar_account.connection.json",
        "name": "Arya Google Calendar account",
        "folder": ""
      },
      "skip_validation": false
    }
  ]
}