{
  "name": "DOCX",
  "description": "",
  "version": 4,
  "private": true,
  "concurrency": 1,
  "code": {
    "number": 0,
    "provider": "workato_files",
    "name": "new_file",
    "as": "7bd7287a",
    "keyword": "trigger",
    "dynamicPickListSelection": {
      "dir_path": {
        "ids": [
          "/",
          "/Candidate Profiles"
        ],
        "titles": [
          "Root directory",
          "Candidate Profiles"
        ]
      }
    },
    "toggleCfg": {
      "include_subdirs": true,
      "dir_path": true
    },
    "input": {
      "include_subdirs": "false",
      "dir_path": "/Candidate Profiles"
    },
    "filter": {
      "conditions": [
        {
          "operand": "ends_with",
          "lhs": "=_dp('{\"pill_type\":\"output\",\"provider\":\"workato_files\",\"line\":\"7bd7287a\",\"path\":[\"name\"]}').downcase",
          "rhs": ".docx",
          "uuid": "a71e103e-30cc-4a41-8acc-4c09490b03fc"
        }
      ],
      "operand": "and",
      "type": "compound"
    },
    "block": [
      {
        "number": 1,
        "provider": "workato_files",
        "name": "get_file_contents",
        "as": "ea97bf22",
        "keyword": "action",
        "toggleCfg": {
          "file_path": true
        },
        "input": {
          "file_path": "#{_dp('{\"pill_type\":\"output\",\"provider\":\"workato_files\",\"line\":\"7bd7287a\",\"path\":[\"path\"]}')}"
        },
        "uuid": "8ec0eaa1-8dc4-42fc-8268-5a5eb4340920"
      },
      {
        "number": 2,
        "provider": "py_eval",
        "name": "invoke_custom_py_code",
        "as": "f52991fc",
        "keyword": "action",
        "input": {
          "code": "import zipfile\nimport io\nimport base64\nimport binascii\nimport xml.etree.ElementTree as ET\n\ndef extract_text_from_docx(file_content):\n    # Case 1: Already bytes (Workato may send this way)\n    if isinstance(file_content, bytes):\n        file_bytes = file_content\n\n    # Case 2: String starting with 0x (hex)\n    elif isinstance(file_content, str) and file_content.lower().startswith(\"0x\"):\n        hex_str = file_content[2:].strip()\n        file_bytes = binascii.unhexlify(hex_str)\n\n    # Case 3: String base64\n    elif isinstance(file_content, str):\n        file_bytes = base64.b64decode(file_content.strip())\n\n    else:\n        raise ValueError(\"Unsupported input type for file_content\")\n\n    # Open as a zip (DOCX = zip archive)\n    with zipfile.ZipFile(io.BytesIO(file_bytes)) as docx_zip:\n        with docx_zip.open(\"word/document.xml\") as doc_xml:\n            tree = ET.parse(doc_xml)\n            root = tree.getroot()\n\n            # Word XML namespace\n            ns = {\"w\": \"http://schemas.openxmlformats.org/wordprocessingml/2006/main\"}\n\n            # Extract text by paragraphs\n            paragraphs = []\n            for para in root.findall(\".//w:p\", ns):\n                texts = []\n                for node in para.findall(\".//w:t\", ns):\n                    if node.text:\n                        texts.append(node.text)\n                if texts:\n                    paragraphs.append(\"\".join(texts))\n\n            return \"\\n\".join(paragraphs)\n\ndef main(inputs):\n    file_content = inputs[\"file_content\"]\n    extracted_text = extract_text_from_docx(file_content)\n    return {\"text\": extracted_text}",
          "name": "convert docx to text",
          "code_input": {
            "schema": "[{\"name\":\"Docx_File\",\"type\":\"string\",\"optional\":true,\"label\":\"Docx_File\",\"details\":{\"real_name\":\"Docx_File\"},\"control_type\":\"text\",\"parent\":[\"code_input\",\"data\"]}]",
            "data": {
              "Docx_File": "#{_dp('{\"pill_type\":\"output\",\"provider\":\"workato_files\",\"line\":\"ea97bf22\",\"path\":[\"content\"]}')}"
            }
          },
          "code_output_schema_json": "[{\"name\":\"text\",\"type\":\"string\",\"optional\":false,\"control_type\":\"text\",\"label\":\"Text\"}]"
        },
        "extended_output_schema": [
          {
            "label": "Output",
            "name": "output",
            "properties": [
              {
                "control_type": "text",
                "label": "Text",
                "name": "text",
                "type": "string",
                "optional": false
              }
            ],
            "type": "object"
          }
        ],
        "extended_input_schema": [
          {
            "control_type": "form-schema-builder",
            "hint": "Define the input fields that will be passed to your Python code",
            "label": "Input fields",
            "name": "code_input",
            "optional": true,
            "override": true,
            "properties": [
              {
                "control_type": "text",
                "label": "Schema",
                "extends_schema": true,
                "type": "string",
                "name": "schema"
              },
              {
                "properties": [
                  {
                    "control_type": "text",
                    "label": "Docx_File",
                    "name": "Docx_File",
                    "type": "string",
                    "optional": true,
                    "details": {
                      "real_name": "Docx_File"
                    },
                    "parent": [
                      "code_input",
                      "data"
                    ]
                  }
                ],
                "label": "Data",
                "type": "object",
                "name": "data"
              }
            ],
            "sticky": true,
            "type": "object"
          }
        ],
        "visible_config_fields": [
          "name",
          "code_input",
          "code_output_schema_json",
          "code",
          "code_input.data.Docx_File"
        ],
        "uuid": "77ee9344-6e19-4278-836c-1a4b065858b6"
      },
      {
        "number": 3,
        "provider": "workato_genie",
        "name": "upsert_knowledge",
        "as": "df30d899",
        "keyword": "action",
        "input": {
          "knowledge_base_id": {
            "zip_name": "load_candidate_data.agentic_knowledge_base.json",
            "name": "Load_Candidate_data",
            "folder": ""
          },
          "documents": {
            "doc_id": "=\"CP1\"+_dp('{\"pill_type\":\"output\",\"provider\":\"workato_files\",\"line\":\"7bd7287a\",\"path\":[\"name\"]}')",
            "title": "=\"CP\"+_dp('{\"pill_type\":\"output\",\"provider\":\"workato_files\",\"line\":\"7bd7287a\",\"path\":[\"name\"]}')",
            "body": "=_dp('{\"pill_type\":\"output\",\"provider\":\"py_eval\",\"line\":\"f52991fc\",\"path\":[\"output\",\"text\"]}').to_s"
          }
        },
        "uuid": "d2082913-215d-4baa-b2af-f38c01a69195"
      }
    ],
    "uuid": "4b715549-c809-469a-9713-2a9a8481bdaf",
    "unfinished": false
  },
  "config": [
    {
      "keyword": "application",
      "provider": "workato_genie",
      "skip_validation": false,
      "account_id": null
    },
    {
      "keyword": "application",
      "provider": "workato_files",
      "skip_validation": false,
      "account_id": null
    },
    {
      "keyword": "application",
      "provider": "py_eval",
      "skip_validation": false,
      "account_id": null
    }
  ]
}