{
  "name": "Read attached file",
  "description": "",
  "version": 5,
  "private": true,
  "concurrency": 1,
  "code": {
    "number": 0,
    "provider": "workato_genie",
    "name": "start_workflow",
    "as": "f4323708",
    "keyword": "trigger",
    "input": {
      "requires_user_confirmation": "false",
      "description": "Run this skill everytime when user ask to screen a resume for the provided Job Description.",
      "parameters_schema_json": "[{\"name\":\"Resume\",\"type\":\"string\",\"optional\":false,\"control_type\":\"text\",\"hint\":\"Store details about candidate resume along with contact information email or phone number\"},{\"name\":\"Job_Description\",\"type\":\"string\",\"optional\":false,\"control_type\":\"text\",\"hint\":\"Ask user to type or paste Job Description so that you review the candidate resume based on the JD provided.\"},{\"name\":\"Candidate_Email\",\"type\":\"string\",\"optional\":false,\"control_type\":\"text\",\"hint\":\"Extract Email from the Resume/CV if not present then say not provided.\"},{\"name\":\"Candidate_PhoneNumber\",\"type\":\"string\",\"optional\":false,\"hint\":\"Extract PhoneNumber from the Resume/CV if not present then say not provided.\",\"control_type\":\"text\"}]",
      "result_schema_json": "[{\"name\":\"Response\",\"type\":\"string\",\"optional\":false,\"hint\":\"Give good and accurate response\",\"control_type\":\"text\",\"label\":\"Response\"}]"
    },
    "extended_output_schema": [
      {
        "label": "Parameters",
        "name": "parameters",
        "properties": [
          {
            "control_type": "text",
            "label": "Resume",
            "name": "Resume",
            "type": "string",
            "optional": false,
            "hint": "Store details about candidate resume along with contact information email or phone number"
          },
          {
            "control_type": "text",
            "label": "Job description",
            "name": "Job_Description",
            "type": "string",
            "optional": false,
            "hint": "Ask user to type or paste Job Description so that you review the candidate resume based on the JD provided."
          },
          {
            "control_type": "text",
            "label": "Candidate email",
            "name": "Candidate_Email",
            "type": "string",
            "optional": false,
            "hint": "Extract Email from the Resume/CV if not present then say not provided."
          },
          {
            "control_type": "text",
            "label": "Candidate phone number",
            "name": "Candidate_PhoneNumber",
            "type": "string",
            "optional": false,
            "hint": "Extract PhoneNumber from the Resume/CV if not present then say not provided."
          }
        ],
        "type": "object"
      }
    ],
    "block": [
      {
        "number": 1,
        "provider": "logger",
        "name": "log_message",
        "as": "051f7118",
        "keyword": "action",
        "input": {
          "user_logs_enabled": "false",
          "message": "#{_dp('{\"pill_type\":\"output\",\"provider\":\"workato_genie\",\"line\":\"f4323708\",\"path\":[\"parameters\",\"Resume\"]}')}\n#{_dp('{\"pill_type\":\"output\",\"provider\":\"workato_genie\",\"line\":\"f4323708\",\"path\":[\"parameters\",\"Candidate_Email\"]}')}\n#{_dp('{\"pill_type\":\"output\",\"provider\":\"workato_genie\",\"line\":\"f4323708\",\"path\":[\"parameters\",\"Candidate_PhoneNumber\"]}')}"
        },
        "extended_input_schema": [
          {
            "control_type": "switch",
            "default": false,
            "disable_formula": true,
            "extends_schema": true,
            "hint": "                Send a copy of the message to Workato logs.\n                <a href=\"https://docs.workato.com/features/logging-service.html\" target=\"_blank\" class=\"ng-scope\">\n                  Learn more\n                </a>\n",
            "label": "Send to Workato log service",
            "name": "user_logs_enabled",
            "optional": true,
            "type": "string"
          }
        ],
        "uuid": "8cfd2409-9a6d-4e35-8d3f-f0c952562572"
      },
      {
        "number": 2,
        "provider": "py_eval",
        "name": "invoke_custom_py_code",
        "as": "6e69782e",
        "keyword": "action",
        "input": {
          "code": "import zipfile\nimport io\nimport base64\nimport binascii\nimport xml.etree.ElementTree as ET\n\ndef extract_text_from_docx(file_content):\n    # Case 1: Already bytes (Workato may send this way)\n    if isinstance(file_content, bytes):\n        file_bytes = file_content\n\n    # Case 2: String starting with 0x (hex)\n    elif isinstance(file_content, str) and file_content.lower().startswith(\"0x\"):\n        hex_str = file_content[2:].strip()\n        file_bytes = binascii.unhexlify(hex_str)\n\n    # Case 3: String base64\n    elif isinstance(file_content, str):\n        file_bytes = base64.b64decode(file_content.strip())\n\n    else:\n        raise ValueError(\"Unsupported input type for file_content\")\n\n    # Open as a zip (DOCX = zip archive)\n    with zipfile.ZipFile(io.BytesIO(file_bytes)) as docx_zip:\n        with docx_zip.open(\"word/document.xml\") as doc_xml:\n            tree = ET.parse(doc_xml)\n            root = tree.getroot()\n\n            # Word XML namespace\n            ns = {\"w\": \"http://schemas.openxmlformats.org/wordprocessingml/2006/main\"}\n\n            # Extract text by paragraphs\n            paragraphs = []\n            for para in root.findall(\".//w:p\", ns):\n                texts = []\n                for node in para.findall(\".//w:t\", ns):\n                    if node.text:\n                        texts.append(node.text)\n                if texts:\n                    paragraphs.append(\"\".join(texts))\n\n            return \"\\n\".join(paragraphs)\n\ndef main(inputs):\n    file_content = inputs[\"file_content\"]\n    extracted_text = extract_text_from_docx(file_content)\n    return {\"text\": extracted_text}",
          "code_input": {
            "schema": "[{\"control_type\":\"text\",\"label\":\"DOCX file (hex string)\",\"name\":\"file_content\",\"type\":\"string\",\"optional\":false,\"hint\":\"Provide the file content in hex format (starts with 0x... or 0X...).\",\"parent\":[\"code_input\",\"data\"]}]",
            "data": {
              "file_content": "#{_dp('{\"pill_type\":\"output\",\"provider\":\"workato_files\",\"line\":\"42d666b3\",\"path\":[\"content\"]}')}"
            }
          },
          "code_output_schema_json": "[{\"control_type\":\"text\",\"label\":\"Extracted Text\",\"name\":\"text\",\"type\":\"string\",\"hint\":\"The plain text extracted from the DOCX file.\"}]",
          "name": "convet docx to text"
        },
        "extended_output_schema": [
          {
            "label": "Output",
            "name": "output",
            "properties": [
              {
                "control_type": "text",
                "label": "Extracted Text",
                "name": "text",
                "type": "string",
                "hint": "The plain text extracted from the DOCX file."
              }
            ],
            "type": "object"
          }
        ],
        "extended_input_schema": [
          {
            "control_type": "form-schema-builder",
            "hint": "Define the input fields that will be passed to your Python code",
            "label": "Input fields",
            "name": "code_input",
            "optional": true,
            "override": true,
            "properties": [
              {
                "control_type": "text",
                "label": "Schema",
                "extends_schema": true,
                "type": "string",
                "name": "schema"
              },
              {
                "properties": [
                  {
                    "control_type": "text",
                    "label": "DOCX file (hex string)",
                    "name": "file_content",
                    "type": "string",
                    "optional": false,
                    "hint": "Provide the file content in hex format (starts with 0x... or 0X...).",
                    "parent": [
                      "code_input",
                      "data"
                    ]
                  }
                ],
                "label": "Data",
                "type": "object",
                "name": "data"
              }
            ],
            "sticky": true,
            "type": "object"
          }
        ],
        "visible_config_fields": [
          "code_input",
          "code_output_schema_json",
          "code",
          "code_input.data.s",
          "code_input.schema",
          "code_input.data.file_content"
        ],
        "uuid": "f9854f85-fb06-483e-97a7-463c2b89f996",
        "skip": true
      },
      {
        "number": 3,
        "provider": "open_ai_utility",
        "name": "analyse_image",
        "as": "490af589",
        "keyword": "action",
        "input": {
          "_settings_version": "2",
          "file_contents": "#{_dp('{\"pill_type\":\"output\",\"provider\":\"workato_files\",\"line\":\"b181a57a\",\"path\":[\"content\"]}')}",
          "file_name": "#{_dp('{\"pill_type\":\"output\",\"provider\":\"workato_files\",\"line\":\"b181a57a\",\"path\":[\"name\"]}')}",
          "question": "extract all the nessary details of candidate resume"
        },
        "uuid": "1741267e-94ef-4324-ba9f-6254bbcb9ff1",
        "skip": true
      },
      {
        "number": 4,
        "provider": "workato_idp",
        "name": "process_document",
        "as": "d59f1851",
        "keyword": "action",
        "toggleCfg": {
          "file_type": true
        },
        "input": {
          "document_type": "documents",
          "idp_version": "v1",
          "file_contents": "#{_dp('{\"pill_type\":\"output\",\"provider\":\"workato_files\",\"line\":\"a4c5c7a2\",\"path\":[\"content\"]}')}",
          "object_schema_documents": "[{\"name\":\"Name\",\"type\":\"string\",\"optional\":false,\"control_type\":\"text\",\"label\":\"Name\",\"description\":\"Fetch Name details from the pdf\"},{\"name\":\"Skills\",\"type\":\"string\",\"optional\":false,\"description\":\"collect all the relevant skills \",\"control_type\":\"text\",\"label\":\"Skills\"},{\"name\":\"Experience_In_Years\",\"type\":\"string\",\"optional\":false,\"description\":\"Search for the collective experience in years\",\"control_type\":\"text\",\"label\":\"Experience\"},{\"name\":\"Company\",\"type\":\"string\",\"optional\":true,\"description\":\"Which companies or firm the candidate have worked or curently working\",\"control_type\":\"text\",\"label\":\"Company\"},{\"name\":\"location\",\"type\":\"string\",\"optional\":true,\"description\":\"if location is mention grab that detail where does candidate live in which city if not present ignore tell detail not available \",\"control_type\":\"text\",\"label\":\"Location\"},{\"name\":\"Experience_Summary\",\"type\":\"string\",\"optional\":false,\"description\":\"collect all the professional experience details include project details or job details from the candidate profile not internship.\",\"control_type\":\"text\",\"label\":\"Experience summary\"},{\"name\":\"hobbies\",\"type\":\"string\",\"optional\":true,\"description\":\"if candidate have any hobbies  collect the details if not then tell detail not mentioned or available \",\"control_type\":\"text\",\"label\":\"Hobbies\"},{\"name\":\"Education_Details\",\"type\":\"string\",\"optional\":false,\"description\":\"grab education details from the candidate profile \",\"control_type\":\"text\",\"label\":\"Education details\"}]",
          "file_type": "pdf",
          "file_name": "#{_dp('{\"pill_type\":\"output\",\"provider\":\"workato_files\",\"line\":\"a4c5c7a2\",\"path\":[\"name\"]}')}",
          "_settings_version": "2"
        },
        "extended_output_schema": [
          {
            "label": "Values",
            "name": "values",
            "properties": [
              {
                "control_type": "text",
                "label": "Name",
                "description": "Fetch Name details from the pdf",
                "type": "string",
                "name": "Name"
              },
              {
                "control_type": "text",
                "label": "Skills",
                "description": "collect all the relevant skills ",
                "type": "string",
                "name": "Skills"
              },
              {
                "control_type": "text",
                "label": "Experience in years",
                "description": "Search for the collective experience in years",
                "type": "string",
                "name": "Experience_In_Years"
              },
              {
                "control_type": "text",
                "label": "Company",
                "description": "Which companies or firm the candidate have worked or curently working",
                "type": "string",
                "name": "Company"
              },
              {
                "control_type": "text",
                "label": "Location",
                "description": "if location is mention grab that detail where does candidate live in which city if not present ignore tell detail not available ",
                "type": "string",
                "name": "location"
              },
              {
                "control_type": "text",
                "label": "Experience summary",
                "description": "collect all the professional experience details include project details or job details from the candidate profile not internship.",
                "type": "string",
                "name": "Experience_Summary"
              },
              {
                "control_type": "text",
                "label": "Hobbies",
                "description": "if candidate have any hobbies  collect the details if not then tell detail not mentioned or available ",
                "type": "string",
                "name": "hobbies"
              },
              {
                "control_type": "text",
                "label": "Education details",
                "description": "grab education details from the candidate profile ",
                "type": "string",
                "name": "Education_Details"
              }
            ],
            "type": "object"
          },
          {
            "label": "Confidence scores",
            "name": "confidence_scores",
            "properties": [
              {
                "control_type": "number",
                "label": "Name",
                "parse_output": "float_conversion",
                "description": "Fetch Name details from the pdf",
                "type": "number",
                "name": "Name"
              },
              {
                "control_type": "number",
                "label": "Skills",
                "parse_output": "float_conversion",
                "description": "collect all the relevant skills ",
                "type": "number",
                "name": "Skills"
              },
              {
                "control_type": "number",
                "label": "Experience in years",
                "parse_output": "float_conversion",
                "description": "Search for the collective experience in years",
                "type": "number",
                "name": "Experience_In_Years"
              },
              {
                "control_type": "number",
                "label": "Company",
                "parse_output": "float_conversion",
                "description": "Which companies or firm the candidate have worked or curently working",
                "type": "number",
                "name": "Company"
              },
              {
                "control_type": "number",
                "label": "Location",
                "parse_output": "float_conversion",
                "description": "if location is mention grab that detail where does candidate live in which city if not present ignore tell detail not available ",
                "type": "number",
                "name": "location"
              },
              {
                "control_type": "number",
                "label": "Experience summary",
                "parse_output": "float_conversion",
                "description": "collect all the professional experience details include project details or job details from the candidate profile not internship.",
                "type": "number",
                "name": "Experience_Summary"
              },
              {
                "control_type": "number",
                "label": "Hobbies",
                "parse_output": "float_conversion",
                "description": "if candidate have any hobbies  collect the details if not then tell detail not mentioned or available ",
                "type": "number",
                "name": "hobbies"
              },
              {
                "control_type": "number",
                "label": "Education details",
                "parse_output": "float_conversion",
                "description": "grab education details from the candidate profile ",
                "type": "number",
                "name": "Education_Details"
              }
            ],
            "type": "object"
          }
        ],
        "extended_input_schema": [
          {
            "control_type": "schema-designer",
            "custom_properties": [
              {
                "name": "description",
                "label": "Description",
                "type": "string",
                "optional": true,
                "control_type": "plain-text"
              }
            ],
            "default": "[{\"name\":\"Name\",\"type\":\"string\",\"optional\":false,\"control_type\":\"text\",\"label\":\"Name\",\"description\":\"Fetch Name details from the pdf\"},{\"name\":\"Skills\",\"type\":\"string\",\"optional\":false,\"description\":\"collect all the relevant skills \",\"control_type\":\"text\",\"label\":\"Skills\"},{\"name\":\"Experience_In_Years\",\"type\":\"string\",\"optional\":false,\"description\":\"Search for the collective experience in years\",\"control_type\":\"text\",\"label\":\"Experience\"},{\"name\":\"Company\",\"type\":\"string\",\"optional\":true,\"description\":\"Which companies or firm the candidate have worked or curently working\",\"control_type\":\"text\",\"label\":\"Company\"},{\"name\":\"location\",\"type\":\"string\",\"optional\":true,\"description\":\"if location is mention grab that detail where does candidate live in which city if not present ignore tell detail not available \",\"control_type\":\"text\",\"label\":\"Location\"},{\"name\":\"Experience_Summary\",\"type\":\"string\",\"optional\":false,\"description\":\"collect all the professional experience details include project details or job details from the candidate profile not internship.\",\"control_type\":\"text\",\"label\":\"Experience summary\"},{\"name\":\"hobbies\",\"type\":\"string\",\"optional\":true,\"description\":\"if candidate have any hobbies  collect the details if not then tell detail not mentioned or available \",\"control_type\":\"text\",\"label\":\"Hobbies\"},{\"name\":\"Education_Details\",\"type\":\"string\",\"optional\":false,\"description\":\"grab education details from the candidate profile \",\"control_type\":\"text\",\"label\":\"Education details\"}]",
            "empty_schema_title": "Describe all fields in your response",
            "exclude_fields": [
              "hint",
              "label"
            ],
            "exclude_fields_types": [
              "integer",
              "date",
              "date_time"
            ],
            "extends_schema": true,
            "hint": "Enter the fields that you want to identify from the file contents. Add descriptions for extracting the fields.",
            "label": "Fields to identify",
            "name": "object_schema_documents",
            "optional": false,
            "sample_data_type": "json_http",
            "type": "string",
            "schema_neutral": true
          },
          {
            "control_type": "select",
            "default": "v2",
            "hint": "Select the IDP version to use for processing the document. If not specified, the latest version will be used.",
            "label": "IDP version",
            "name": "idp_version",
            "optional": false,
            "override": true,
            "pick_list": [
              [
                "OCR augmented LLM extraction",
                "v2"
              ]
            ],
            "sticky": true,
            "type": "string"
          }
        ],
        "visible_config_fields": [
          "file_contents",
          "file_name",
          "document_type",
          "idp_version",
          "object_schema_documents",
          "file_type"
        ],
        "uuid": "c65dbf21-d8d3-4269-8c2f-9089a00f68ee",
        "skip": true
      },
      {
        "number": 5,
        "provider": "workato_genie",
        "name": "workflow_return_result",
        "as": "0acc729b",
        "keyword": "action",
        "input": {
          "result": {
            "Response": "#{_dp('{\"pill_type\":\"output\",\"provider\":\"workato_genie\",\"line\":\"f4323708\",\"path\":[\"parameters\",\"Resume\"]}')}\n✅ PnT Genie Output Template\n\n📄 Candidate Evaluation Report\n\nCandidate Name: [Extracted from Resume]\nCandidate Email: [Extracted from Resume]\nCandidate Phone: [Extracted from Resume]\nCandidate Profile Link(s): [LinkedIn/GitHub/Portfolio if available]\nApplied Role: [Extracted from Resume / JD]\nJD Title: [Extracted from JD]\n\n📊 Match Decision: ✅ Good Match / ❌ Not a Good Match\n\n⭐ Scorecard: [X/10]\n\n📝 Justification:\n[2–3 sentences explaining why the candidate is or isn’t a good fit. Mention role alignment, skills relevance, experience, and gaps.]\n\n✅ Top 3 Pros\n\n[Strong skill or qualification]\n\n[Relevant experience/achievement]\n\n[Additional strength—e.g., domain expertise, certifications]\n\n⚠️ Top 3 Cons\n\n[Gap in skills/technology]\n\n[Insufficient years of experience / mismatch in role level]\n\n[Any noticeable limitation—e.g., industry/domain mismatch]"
          }
        },
        "extended_output_schema": [
          {
            "label": "Result",
            "name": "result",
            "properties": [
              {
                "control_type": "text",
                "label": "Response",
                "name": "Response",
                "type": "string",
                "optional": false,
                "hint": "Give good and accurate response"
              }
            ],
            "type": "object"
          }
        ],
        "extended_input_schema": [
          {
            "label": "Result",
            "name": "result",
            "properties": [
              {
                "control_type": "text",
                "label": "Response",
                "name": "Response",
                "type": "string",
                "optional": false,
                "hint": "Give good and accurate response"
              }
            ],
            "type": "object"
          }
        ],
        "uuid": "d387a600-b754-41e3-a3a5-a46641546d39"
      }
    ],
    "uuid": "abddb518-b3d7-4452-97ac-62678f44bb18",
    "unfinished": false
  },
  "config": [
    {
      "keyword": "application",
      "provider": "workato_genie",
      "skip_validation": false,
      "account_id": null
    },
    {
      "keyword": "application",
      "provider": "py_eval",
      "skip_validation": true,
      "account_id": null
    },
    {
      "keyword": "application",
      "provider": "open_ai_utility",
      "skip_validation": true,
      "account_id": null
    },
    {
      "keyword": "application",
      "provider": "workato_idp",
      "skip_validation": true,
      "account_id": null
    },
    {
      "keyword": "application",
      "provider": "logger",
      "skip_validation": false,
      "account_id": null
    }
  ]
}