{
  "name": "Search Google Calendar",
  "description": "Calculate the start date and time by adding/subtracting the timezone to UTC.\n\nExample: **2025-01-11T18:00:00.000000+05:30**\n1. Date: January 11, 2025.\n2. Time: 6:00 PM (18:00:00) with no fractional seconds.\n3. Timezone: UTC +5:30, which is Indian Standard Time (IST).",
  "version": 4,
  "private": true,
  "concurrency": 1,
  "code": {
    "number": 0,
    "provider": "workato_genie",
    "name": "start_workflow",
    "as": "291664af",
    "keyword": "trigger",
    "dynamicPickListSelection": {
      "module_id": "Google Calendar",
      "configuration_user_scoped_connectors": [
        {
          "label": "Google Calendar",
          "value": "platform:google_calendar"
        }
      ],
      "configuration_platform__3a__google_calendar_name": "CON | Google Calendar"
    },
    "input": {
      "parameters_schema_json": "[{\"control_type\":\"date_time\",\"label\":\"Start date time\",\"render_input\":\"date_time_conversion\",\"parse_output\":\"date_time_conversion\",\"name\":\"start_date_time\",\"type\":\"date_time\",\"optional\":false,\"hint\":\"Calculate the start date and time by adding/subtracting the timezone to UTC.  Example: **2025-01-11T18:00:00.000000+05:30** 1. Date: January 11, 2025. 2. Time: 6:00 PM (18:00:00) with no fractional seconds. 3. Timezone: UTC +5:30, which is Indian Standard Time (IST).\"},{\"control_type\":\"date_time\",\"label\":\"End date time\",\"render_input\":\"date_time_conversion\",\"parse_output\":\"date_time_conversion\",\"name\":\"end_date_time\",\"type\":\"date_time\",\"optional\":false,\"hint\":\"Calculate the start date and time by adding/subtracting the timezone to UTC.  Example: **2025-01-11T18:00:00.000000+05:30** 1. Date: January 11, 2025. 2. Time: 6:00 PM (18:00:00) with no fractional seconds. 3. Timezone: UTC +5:30, which is Indian Standard Time (IST).\"},{\"control_type\":\"text\",\"label\":\"User email\",\"name\":\"user_email\",\"type\":\"string\",\"optional\":false},{\"control_type\":\"text\",\"label\":\"Partial match\",\"name\":\"partial_match\",\"type\":\"string\",\"optional\":true}]",
      "result_schema_json": "[{\"name\":\"events\",\"type\":\"array\",\"of\":\"object\",\"label\":\"Events\",\"properties\":[{\"name\":\"id\",\"type\":\"string\",\"optional\":false,\"control_type\":\"text\",\"label\":\"ID\"},{\"name\":\"description\",\"type\":\"string\",\"optional\":false,\"control_type\":\"text\",\"label\":\"Description\"},{\"name\":\"location\",\"type\":\"string\",\"optional\":false,\"control_type\":\"text\",\"label\":\"Location\"},{\"control_type\":\"text\",\"label\":\"Kind\",\"type\":\"string\",\"name\":\"kind\"},{\"control_type\":\"text\",\"label\":\"Status\",\"type\":\"string\",\"name\":\"status\"},{\"control_type\":\"text\",\"label\":\"Html link\",\"type\":\"string\",\"name\":\"htmlLink\"},{\"control_type\":\"text\",\"label\":\"Created\",\"render_input\":\"date_time_conversion\",\"parse_output\":\"date_time_conversion\",\"type\":\"date_time\",\"name\":\"created\"},{\"control_type\":\"text\",\"label\":\"Updated\",\"render_input\":\"date_time_conversion\",\"parse_output\":\"date_time_conversion\",\"type\":\"date_time\",\"name\":\"updated\"},{\"control_type\":\"text\",\"label\":\"Summary\",\"type\":\"string\",\"name\":\"summary\"},{\"properties\":[{\"control_type\":\"text\",\"label\":\"Email\",\"type\":\"string\",\"name\":\"email\"},{\"control_type\":\"text\",\"label\":\"Self\",\"render_input\":{},\"parse_output\":{},\"toggle_hint\":\"Select from option list\",\"toggle_field\":{\"label\":\"Self\",\"control_type\":\"text\",\"toggle_hint\":\"Use custom value\",\"type\":\"boolean\",\"name\":\"self\"},\"type\":\"boolean\",\"name\":\"self\"}],\"label\":\"Creator\",\"type\":\"object\",\"name\":\"creator\"},{\"properties\":[{\"control_type\":\"text\",\"label\":\"Email\",\"type\":\"string\",\"name\":\"email\"},{\"control_type\":\"text\",\"label\":\"Self\",\"render_input\":{},\"parse_output\":{},\"toggle_hint\":\"Select from option list\",\"toggle_field\":{\"label\":\"Self\",\"control_type\":\"text\",\"toggle_hint\":\"Use custom value\",\"type\":\"boolean\",\"name\":\"self\"},\"type\":\"boolean\",\"name\":\"self\"}],\"label\":\"Organizer\",\"type\":\"object\",\"name\":\"organizer\"},{\"control_type\":\"text\",\"label\":\"Start\",\"type\":\"string\",\"name\":\"start\"},{\"control_type\":\"text\",\"label\":\"End\",\"type\":\"string\",\"name\":\"end\"},{\"properties\":[{\"control_type\":\"text\",\"label\":\"Date\",\"type\":\"string\",\"name\":\"date\"}],\"label\":\"Original start time\",\"type\":\"object\",\"name\":\"originalStartTime\"},{\"control_type\":\"text\",\"label\":\"Transparency\",\"type\":\"string\",\"name\":\"transparency\"},{\"control_type\":\"text\",\"label\":\"Visibility\",\"type\":\"string\",\"name\":\"visibility\"},{\"control_type\":\"number\",\"label\":\"Sequence\",\"parse_output\":\"float_conversion\",\"type\":\"number\",\"name\":\"sequence\"},{\"properties\":[{\"control_type\":\"text\",\"label\":\"Use default\",\"render_input\":{},\"parse_output\":{},\"toggle_hint\":\"Select from option list\",\"toggle_field\":{\"label\":\"Use default\",\"control_type\":\"text\",\"toggle_hint\":\"Use custom value\",\"type\":\"boolean\",\"name\":\"useDefault\"},\"type\":\"boolean\",\"name\":\"useDefault\"}],\"label\":\"Reminders\",\"type\":\"object\",\"name\":\"reminders\"}]}]",
      "requires_user_confirmation": "false",
      "description": "Run this Skill when a user request requires information about events from their calendar"
    },
    "extended_output_schema": [
      {
        "label": "Parameters",
        "name": "parameters",
        "properties": [
          {
            "control_type": "date_time",
            "label": "Start date time",
            "render_input": "date_time_conversion",
            "parse_output": "date_time_conversion",
            "name": "start_date_time",
            "type": "date_time",
            "optional": false,
            "hint": "Calculate the start date and time by adding/subtracting the timezone to UTC.  Example: **2025-01-11T18:00:00.000000+05:30** 1. Date: January 11, 2025. 2. Time: 6:00 PM (18:00:00) with no fractional seconds. 3. Timezone: UTC +5:30, which is Indian Standard Time (IST)."
          },
          {
            "control_type": "date_time",
            "label": "End date time",
            "render_input": "date_time_conversion",
            "parse_output": "date_time_conversion",
            "name": "end_date_time",
            "type": "date_time",
            "optional": false,
            "hint": "Calculate the start date and time by adding/subtracting the timezone to UTC.  Example: **2025-01-11T18:00:00.000000+05:30** 1. Date: January 11, 2025. 2. Time: 6:00 PM (18:00:00) with no fractional seconds. 3. Timezone: UTC +5:30, which is Indian Standard Time (IST)."
          },
          {
            "control_type": "text",
            "label": "User email",
            "name": "user_email",
            "type": "string",
            "optional": false
          },
          {
            "control_type": "text",
            "label": "Partial match",
            "name": "partial_match",
            "type": "string",
            "optional": true
          }
        ],
        "type": "object"
      }
    ],
    "visible_config_fields": [
      "function_type_id",
      "name",
      "module_id",
      "configuration_platform__3a__google_calendar_provider",
      "parameters_schema",
      "result_schema",
      "function_id",
      "configuration_user_scoped_connectors",
      "file_parameter_field_paths"
    ],
    "block": [
      {
        "number": 1,
        "provider": "google_calendar",
        "name": "search_events",
        "as": "dc91fff4",
        "keyword": "action",
        "toggleCfg": {
          "singleEvents": true
        },
        "input": {
          "singleEvents": "true",
          "timeMin": "#{_dp('{\"pill_type\":\"output\",\"provider\":\"workato_genie\",\"line\":\"291664af\",\"path\":[\"parameters\",\"start_date_time\"]}')}",
          "timeMax": "#{_dp('{\"pill_type\":\"output\",\"provider\":\"workato_genie\",\"line\":\"291664af\",\"path\":[\"parameters\",\"end_date_time\"]}')}",
          "id": "#{_dp('{\"pill_type\":\"output\",\"provider\":\"workato_genie\",\"line\":\"291664af\",\"path\":[\"parameters\",\"user_email\"]}')}",
          "q": "#{_dp('{\"pill_type\":\"output\",\"provider\":\"workato_genie\",\"line\":\"291664af\",\"path\":[\"parameters\",\"partial_match\"]}')}"
        },
        "comment": "[Replace this with your calendar provider]\nConnect to your Calendar provider and setup how calendar should be searched",
        "uuid": "8f8742ef-b5eb-4803-bf4a-ae689b5470e7"
      },
      {
        "number": 2,
        "provider": "workato_genie",
        "name": "workflow_return_result",
        "as": "c82b7119",
        "keyword": "action",
        "dynamicPickListSelection": {
          "function_id": "List Appointments in Google Calendar"
        },
        "toggleCfg": {
          "result.events.creator.self": true,
          "result.events.organizer.self": true,
          "result.events.reminders.useDefault": true
        },
        "input": {
          "result": {
            "events": {
              "____source": "#{_dp('{\"pill_type\":\"output\",\"provider\":\"google_calendar\",\"line\":\"dc91fff4\",\"path\":[\"events\"]}')}",
              "kind": "#{_dp('{\"pill_type\":\"output\",\"provider\":\"google_calendar\",\"line\":\"dc91fff4\",\"path\":[\"events\",{\"path_element_type\":\"current_item\"},\"kind\"]}')}",
              "status": "#{_dp('{\"pill_type\":\"output\",\"provider\":\"google_calendar\",\"line\":\"dc91fff4\",\"path\":[\"events\",{\"path_element_type\":\"current_item\"},\"status\"]}')}",
              "htmlLink": "#{_dp('{\"pill_type\":\"output\",\"provider\":\"google_calendar\",\"line\":\"dc91fff4\",\"path\":[\"events\",{\"path_element_type\":\"current_item\"},\"htmlLink\"]}')}",
              "created": "#{_dp('{\"pill_type\":\"output\",\"provider\":\"google_calendar\",\"line\":\"dc91fff4\",\"path\":[\"events\",{\"path_element_type\":\"current_item\"},\"created\"]}')}",
              "updated": "#{_dp('{\"pill_type\":\"output\",\"provider\":\"google_calendar\",\"line\":\"dc91fff4\",\"path\":[\"events\",{\"path_element_type\":\"current_item\"},\"updated\"]}')}",
              "summary": "#{_dp('{\"pill_type\":\"output\",\"provider\":\"google_calendar\",\"line\":\"dc91fff4\",\"path\":[\"events\",{\"path_element_type\":\"current_item\"},\"summary\"]}')}",
              "creator": {
                "email": "#{_dp('{\"pill_type\":\"output\",\"provider\":\"google_calendar\",\"line\":\"dc91fff4\",\"path\":[\"events\",{\"path_element_type\":\"current_item\"},\"creator\",\"email\"]}')}",
                "self": "#{_dp('{\"pill_type\":\"output\",\"provider\":\"google_calendar\",\"line\":\"dc91fff4\",\"path\":[\"events\",{\"path_element_type\":\"current_item\"},\"creator\",\"self\"]}')}"
              },
              "organizer": {
                "email": "#{_dp('{\"pill_type\":\"output\",\"provider\":\"google_calendar\",\"line\":\"dc91fff4\",\"path\":[\"events\",{\"path_element_type\":\"current_item\"},\"organizer\",\"email\"]}')}",
                "self": "#{_dp('{\"pill_type\":\"output\",\"provider\":\"google_calendar\",\"line\":\"dc91fff4\",\"path\":[\"events\",{\"path_element_type\":\"current_item\"},\"organizer\",\"self\"]}')}"
              },
              "start": "#{_dp('{\"pill_type\":\"output\",\"provider\":\"google_calendar\",\"line\":\"dc91fff4\",\"path\":[\"events\",{\"path_element_type\":\"current_item\"},\"start\"]}')}",
              "end": "#{_dp('{\"pill_type\":\"output\",\"provider\":\"google_calendar\",\"line\":\"dc91fff4\",\"path\":[\"events\",{\"path_element_type\":\"current_item\"},\"end\"]}')}",
              "originalStartTime": {
                "date": "#{_dp('{\"pill_type\":\"output\",\"provider\":\"google_calendar\",\"line\":\"dc91fff4\",\"path\":[\"events\",{\"path_element_type\":\"current_item\"},\"originalStartTime\",\"dateTime\"]}')}"
              },
              "sequence": "#{_dp('{\"pill_type\":\"output\",\"provider\":\"google_calendar\",\"line\":\"dc91fff4\",\"path\":[\"events\",{\"path_element_type\":\"current_item\"},\"sequence\"]}')}",
              "visibility": "#{_dp('{\"pill_type\":\"output\",\"provider\":\"google_calendar\",\"line\":\"dc91fff4\",\"path\":[\"events\",{\"path_element_type\":\"current_item\"},\"visibility\"]}')}",
              "transparency": "#{_dp('{\"pill_type\":\"output\",\"provider\":\"google_calendar\",\"line\":\"dc91fff4\",\"path\":[\"events\",{\"path_element_type\":\"current_item\"},\"transparency\"]}')}",
              "reminders": {
                "useDefault": "#{_dp('{\"pill_type\":\"output\",\"provider\":\"google_calendar\",\"line\":\"dc91fff4\",\"path\":[\"events\",{\"path_element_type\":\"current_item\"},\"reminders\",\"useDefault\"]}')}"
              },
              "id": "#{_dp('{\"pill_type\":\"output\",\"provider\":\"google_calendar\",\"line\":\"dc91fff4\",\"path\":[\"events\",{\"path_element_type\":\"current_item\"},\"id\"]}')}",
              "description": "#{_dp('{\"pill_type\":\"output\",\"provider\":\"google_calendar\",\"line\":\"dc91fff4\",\"path\":[\"events\",{\"path_element_type\":\"current_item\"},\"description\"]}')}",
              "location": "#{_dp('{\"pill_type\":\"output\",\"provider\":\"google_calendar\",\"line\":\"dc91fff4\",\"path\":[\"events\",{\"path_element_type\":\"current_item\"},\"location\"]}')}"
            }
          }
        },
        "extended_output_schema": [
          {
            "label": "Result",
            "name": "result",
            "properties": [
              {
                "name": "events",
                "type": "array",
                "of": "object",
                "label": "Events",
                "properties": [
                  {
                    "control_type": "text",
                    "label": "ID",
                    "name": "id",
                    "type": "string",
                    "optional": false
                  },
                  {
                    "control_type": "text",
                    "label": "Description",
                    "name": "description",
                    "type": "string",
                    "optional": false
                  },
                  {
                    "control_type": "text",
                    "label": "Location",
                    "name": "location",
                    "type": "string",
                    "optional": false
                  },
                  {
                    "control_type": "text",
                    "label": "Kind",
                    "type": "string",
                    "name": "kind"
                  },
                  {
                    "control_type": "text",
                    "label": "Status",
                    "type": "string",
                    "name": "status"
                  },
                  {
                    "control_type": "text",
                    "label": "Html link",
                    "type": "string",
                    "name": "htmlLink"
                  },
                  {
                    "control_type": "text",
                    "label": "Created",
                    "render_input": "date_time_conversion",
                    "parse_output": "date_time_conversion",
                    "type": "date_time",
                    "name": "created"
                  },
                  {
                    "control_type": "text",
                    "label": "Updated",
                    "render_input": "date_time_conversion",
                    "parse_output": "date_time_conversion",
                    "type": "date_time",
                    "name": "updated"
                  },
                  {
                    "control_type": "text",
                    "label": "Summary",
                    "type": "string",
                    "name": "summary"
                  },
                  {
                    "properties": [
                      {
                        "control_type": "text",
                        "label": "Email",
                        "type": "string",
                        "name": "email"
                      },
                      {
                        "control_type": "text",
                        "label": "Self",
                        "render_input": {
                        },
                        "parse_output": {
                        },
                        "toggle_hint": "Select from option list",
                        "toggle_field": {
                          "label": "Self",
                          "control_type": "text",
                          "toggle_hint": "Use custom value",
                          "type": "boolean",
                          "name": "self"
                        },
                        "type": "boolean",
                        "name": "self"
                      }
                    ],
                    "label": "Creator",
                    "type": "object",
                    "name": "creator"
                  },
                  {
                    "properties": [
                      {
                        "control_type": "text",
                        "label": "Email",
                        "type": "string",
                        "name": "email"
                      },
                      {
                        "control_type": "text",
                        "label": "Self",
                        "render_input": {
                        },
                        "parse_output": {
                        },
                        "toggle_hint": "Select from option list",
                        "toggle_field": {
                          "label": "Self",
                          "control_type": "text",
                          "toggle_hint": "Use custom value",
                          "type": "boolean",
                          "name": "self"
                        },
                        "type": "boolean",
                        "name": "self"
                      }
                    ],
                    "label": "Organizer",
                    "type": "object",
                    "name": "organizer"
                  },
                  {
                    "control_type": "text",
                    "label": "Start",
                    "type": "string",
                    "name": "start"
                  },
                  {
                    "control_type": "text",
                    "label": "End",
                    "type": "string",
                    "name": "end"
                  },
                  {
                    "properties": [
                      {
                        "control_type": "text",
                        "label": "Date",
                        "type": "string",
                        "name": "date"
                      }
                    ],
                    "label": "Original start time",
                    "type": "object",
                    "name": "originalStartTime"
                  },
                  {
                    "control_type": "text",
                    "label": "Transparency",
                    "type": "string",
                    "name": "transparency"
                  },
                  {
                    "control_type": "text",
                    "label": "Visibility",
                    "type": "string",
                    "name": "visibility"
                  },
                  {
                    "control_type": "number",
                    "label": "Sequence",
                    "parse_output": "float_conversion",
                    "type": "number",
                    "name": "sequence"
                  },
                  {
                    "properties": [
                      {
                        "control_type": "text",
                        "label": "Use default",
                        "render_input": {
                        },
                        "parse_output": {
                        },
                        "toggle_hint": "Select from option list",
                        "toggle_field": {
                          "label": "Use default",
                          "control_type": "text",
                          "toggle_hint": "Use custom value",
                          "type": "boolean",
                          "name": "useDefault"
                        },
                        "type": "boolean",
                        "name": "useDefault"
                      }
                    ],
                    "label": "Reminders",
                    "type": "object",
                    "name": "reminders"
                  }
                ]
              }
            ],
            "type": "object"
          }
        ],
        "extended_input_schema": [
          {
            "label": "Result",
            "name": "result",
            "properties": [
              {
                "name": "events",
                "type": "array",
                "of": "object",
                "label": "Events",
                "properties": [
                  {
                    "control_type": "text",
                    "label": "ID",
                    "name": "id",
                    "type": "string",
                    "optional": false
                  },
                  {
                    "control_type": "text",
                    "label": "Description",
                    "name": "description",
                    "type": "string",
                    "optional": false
                  },
                  {
                    "control_type": "text",
                    "label": "Location",
                    "name": "location",
                    "type": "string",
                    "optional": false
                  },
                  {
                    "control_type": "text",
                    "label": "Kind",
                    "type": "string",
                    "name": "kind"
                  },
                  {
                    "control_type": "text",
                    "label": "Status",
                    "type": "string",
                    "name": "status"
                  },
                  {
                    "control_type": "text",
                    "label": "Html link",
                    "type": "string",
                    "name": "htmlLink"
                  },
                  {
                    "control_type": "text",
                    "label": "Created",
                    "render_input": "date_time_conversion",
                    "parse_output": "date_time_conversion",
                    "type": "date_time",
                    "name": "created"
                  },
                  {
                    "control_type": "text",
                    "label": "Updated",
                    "render_input": "date_time_conversion",
                    "parse_output": "date_time_conversion",
                    "type": "date_time",
                    "name": "updated"
                  },
                  {
                    "control_type": "text",
                    "label": "Summary",
                    "type": "string",
                    "name": "summary"
                  },
                  {
                    "properties": [
                      {
                        "control_type": "text",
                        "label": "Email",
                        "type": "string",
                        "name": "email"
                      },
                      {
                        "control_type": "text",
                        "label": "Self",
                        "render_input": {
                        },
                        "parse_output": {
                        },
                        "toggle_hint": "Select from option list",
                        "toggle_field": {
                          "label": "Self",
                          "control_type": "text",
                          "toggle_hint": "Use custom value",
                          "type": "boolean",
                          "name": "self"
                        },
                        "type": "boolean",
                        "name": "self"
                      }
                    ],
                    "label": "Creator",
                    "type": "object",
                    "name": "creator"
                  },
                  {
                    "properties": [
                      {
                        "control_type": "text",
                        "label": "Email",
                        "type": "string",
                        "name": "email"
                      },
                      {
                        "control_type": "text",
                        "label": "Self",
                        "render_input": {
                        },
                        "parse_output": {
                        },
                        "toggle_hint": "Select from option list",
                        "toggle_field": {
                          "label": "Self",
                          "control_type": "text",
                          "toggle_hint": "Use custom value",
                          "type": "boolean",
                          "name": "self"
                        },
                        "type": "boolean",
                        "name": "self"
                      }
                    ],
                    "label": "Organizer",
                    "type": "object",
                    "name": "organizer"
                  },
                  {
                    "control_type": "text",
                    "label": "Start",
                    "type": "string",
                    "name": "start"
                  },
                  {
                    "control_type": "text",
                    "label": "End",
                    "type": "string",
                    "name": "end"
                  },
                  {
                    "properties": [
                      {
                        "control_type": "text",
                        "label": "Date",
                        "type": "string",
                        "name": "date"
                      }
                    ],
                    "label": "Original start time",
                    "type": "object",
                    "name": "originalStartTime"
                  },
                  {
                    "control_type": "text",
                    "label": "Transparency",
                    "type": "string",
                    "name": "transparency"
                  },
                  {
                    "control_type": "text",
                    "label": "Visibility",
                    "type": "string",
                    "name": "visibility"
                  },
                  {
                    "control_type": "number",
                    "label": "Sequence",
                    "parse_output": "float_conversion",
                    "type": "number",
                    "name": "sequence"
                  },
                  {
                    "properties": [
                      {
                        "control_type": "text",
                        "label": "Use default",
                        "render_input": {
                        },
                        "parse_output": {
                        },
                        "toggle_hint": "Select from option list",
                        "toggle_field": {
                          "label": "Use default",
                          "control_type": "text",
                          "toggle_hint": "Use custom value",
                          "type": "boolean",
                          "name": "useDefault"
                        },
                        "type": "boolean",
                        "name": "useDefault"
                      }
                    ],
                    "label": "Reminders",
                    "type": "object",
                    "name": "reminders"
                  }
                ]
              }
            ],
            "type": "object"
          }
        ],
        "visible_config_fields": [
          "function_type_id",
          "function_id",
          "function_call_id",
          "result",
          "result.appointments",
          "result.appointments.subject",
          "result.appointments.start_time",
          "result.appointments.end_time",
          "error",
          "result.events.kind",
          "result.events.status",
          "result.events.htmlLink",
          "result.events.created",
          "result.events.updated",
          "result.events.summary",
          "result.events.creator.email",
          "result.events.creator.self",
          "result.events.organizer.email",
          "result.events.organizer.self",
          "result.events.start",
          "result.events.end",
          "result.events.originalStartTime.date",
          "result.events.transparency",
          "result.events.visibility",
          "result.events.sequence",
          "result.events.reminders.useDefault",
          "result.events.workingLocationProperties.type",
          "result.events.workingLocationProperties.homeOffice",
          "result.events.eventType"
        ],
        "comment": "Define the response to your Genie",
        "uuid": "291f18fd-a1fe-421a-9a36-1787bd77c18a"
      }
    ],
    "comment": "Add any additional expected inputs here",
    "uuid": "ed95039c-83b5-4d01-b9b7-609016680943",
    "unfinished": false,
    "format_version": 2
  },
  "config": [
    {
      "keyword": "application",
      "provider": "workato_genie",
      "skip_validation": false,
      "account_id": null
    },
    {
      "keyword": "application",
      "provider": "google_calendar",
      "account_id": {
        "zip_name": "arya_google_calendar_account.connection.json",
        "name": "Arya Google Calendar account",
        "folder": ""
      },
      "skip_validation": false
    }
  ]
}