{
  "name": "Send Email To PnT",
  "description": "",
  "version": 9,
  "private": true,
  "concurrency": 1,
  "code": {
    "number": 0,
    "provider": "workato_genie",
    "name": "start_workflow",
    "as": "4c18dde0",
    "keyword": "trigger",
    "input": {
      "requires_user_confirmation": "false",
      "description": "When user ask  to send email him/her regarding candidate details not that candidate accepted offer letter.",
      "parameters_schema_json": "[{\"name\":\"Review_Candidate_Details\",\"type\":\"string\",\"optional\":false,\"control_type\":\"text\"},{\"name\":\"candidate_name\",\"type\":\"string\",\"optional\":false,\"control_type\":\"text\"}]",
      "result_schema_json": "[{\"name\":\"Response\",\"type\":\"string\",\"optional\":false,\"control_type\":\"text\",\"label\":\"Response\"}]"
    },
    "extended_output_schema": [
      {
        "label": "Parameters",
        "name": "parameters",
        "properties": [
          {
            "control_type": "text",
            "label": "Review candidate details",
            "name": "Review_Candidate_Details",
            "type": "string",
            "optional": false
          },
          {
            "control_type": "text",
            "label": "Candidate name",
            "name": "candidate_name",
            "type": "string",
            "optional": false
          }
        ],
        "type": "object"
      }
    ],
    "block": [
      {
        "number": 1,
        "provider": "email",
        "name": "send_mail",
        "as": "ddff9bc5",
        "keyword": "action",
        "input": {
          "email_type": "html",
          "subject": "Candidate Profile Review - #{_dp('{\"pill_type\":\"output\",\"provider\":\"workato_genie\",\"line\":\"4c18dde0\",\"path\":[\"parameters\",\"candidate_name\"]}')}",
          "to": "#{_dp('{\"pill_type\":\"output\",\"provider\":\"workato_genie\",\"line\":\"4c18dde0\",\"path\":[\"context\",\"user_email\"]}')}",
          "body": "#{_dp('{\"pill_type\":\"output\",\"provider\":\"workato_genie\",\"line\":\"4c18dde0\",\"path\":[\"parameters\",\"Review_Candidate_Details\"]}')}"
        },
        "uuid": "81626f8a-5d4a-482c-9a55-dafc24fdf0e3"
      },
      {
        "number": 2,
        "provider": "workato_genie",
        "name": "workflow_return_result",
        "as": "5a2ef606",
        "keyword": "action",
        "input": {
          "result": {
            "Response": "Completed"
          }
        },
        "extended_output_schema": [
          {
            "label": "Result",
            "name": "result",
            "properties": [
              {
                "control_type": "text",
                "label": "Response",
                "name": "Response",
                "type": "string",
                "optional": false
              }
            ],
            "type": "object"
          }
        ],
        "extended_input_schema": [
          {
            "label": "Result",
            "name": "result",
            "properties": [
              {
                "control_type": "text",
                "label": "Response",
                "name": "Response",
                "type": "string",
                "optional": false
              }
            ],
            "type": "object"
          }
        ],
        "uuid": "b46e9edb-bf62-41d8-8744-518100274227"
      }
    ],
    "uuid": "64e18f07-fbe2-41b2-9727-18813c405c23",
    "unfinished": false
  },
  "config": [
    {
      "keyword": "application",
      "provider": "workato_genie",
      "skip_validation": false,
      "account_id": null
    },
    {
      "keyword": "application",
      "provider": "email",
      "skip_validation": false,
      "account_id": null
    }
  ]
}