{
  "name": "Send Email to candidate",
  "description": "",
  "version": 4,
  "private": true,
  "concurrency": 1,
  "code": {
    "number": 0,
    "provider": "workato_genie",
    "name": "start_workflow",
    "as": "a63987ca",
    "keyword": "trigger",
    "input": {
      "requires_user_confirmation": "false",
      "description": "Run this skill when user asked to send message/email to the candidate which have accepted the offer letter you have send  personalized follow-ups and reminders.",
      "parameters_schema_json": "[{\"name\":\"candidate_email\",\"type\":\"string\",\"optional\":false,\"control_type\":\"text\"},{\"name\":\"email_subject\",\"type\":\"string\",\"optional\":false,\"control_type\":\"text\"},{\"name\":\"email_body\",\"type\":\"string\",\"optional\":false,\"control_type\":\"text\"}]",
      "result_schema_json": "[{\"name\":\"response\",\"type\":\"string\",\"optional\":false,\"control_type\":\"text\",\"label\":\"Response\"}]"
    },
    "extended_output_schema": [
      {
        "label": "Parameters",
        "name": "parameters",
        "properties": [
          {
            "control_type": "text",
            "label": "Candidate email",
            "name": "candidate_email",
            "type": "string",
            "optional": false
          },
          {
            "control_type": "text",
            "label": "Email subject",
            "name": "email_subject",
            "type": "string",
            "optional": false
          },
          {
            "control_type": "text",
            "label": "Email body",
            "name": "email_body",
            "type": "string",
            "optional": false
          }
        ],
        "type": "object"
      }
    ],
    "block": [
      {
        "number": 1,
        "provider": "email",
        "name": "send_mail",
        "as": "e6c4c052",
        "keyword": "action",
        "input": {
          "email_type": "html",
          "to": "#{_dp('{\"pill_type\":\"output\",\"provider\":\"workato_genie\",\"line\":\"a63987ca\",\"path\":[\"parameters\",\"candidate_email\"]}')}",
          "subject": "#{_dp('{\"pill_type\":\"output\",\"provider\":\"workato_genie\",\"line\":\"a63987ca\",\"path\":[\"parameters\",\"email_subject\"]}')}",
          "body": "#{_dp('{\"pill_type\":\"output\",\"provider\":\"workato_genie\",\"line\":\"a63987ca\",\"path\":[\"parameters\",\"email_body\"]}')}",
          "cc": "#{_dp('{\"pill_type\":\"output\",\"provider\":\"workato_genie\",\"line\":\"a63987ca\",\"path\":[\"context\",\"user_email\"]}')}"
        },
        "visible_config_fields": [
          "to",
          "email_type",
          "cc"
        ],
        "uuid": "b806f4b0-da6a-4328-8c8c-632d63c73bab"
      },
      {
        "number": 2,
        "provider": "workato_genie",
        "name": "workflow_return_result",
        "as": "818718f2",
        "keyword": "action",
        "input": {
          "result": {
            "response": "Sending personalized follow-ups and reminders."
          }
        },
        "extended_output_schema": [
          {
            "label": "Result",
            "name": "result",
            "properties": [
              {
                "control_type": "text",
                "label": "Response",
                "name": "response",
                "type": "string",
                "optional": false
              }
            ],
            "type": "object"
          }
        ],
        "extended_input_schema": [
          {
            "label": "Result",
            "name": "result",
            "properties": [
              {
                "control_type": "text",
                "label": "Response",
                "name": "response",
                "type": "string",
                "optional": false
              }
            ],
            "type": "object"
          }
        ],
        "uuid": "0799813a-84e8-4127-bbca-66acbc66176c"
      }
    ],
    "uuid": "e9c941da-389c-4188-aa1d-88954c6ae76e",
    "unfinished": false
  },
  "config": [
    {
      "keyword": "application",
      "provider": "workato_genie",
      "skip_validation": false,
      "account_id": null
    },
    {
      "keyword": "application",
      "provider": "email",
      "skip_validation": false,
      "account_id": null
    }
  ]
}